name,ring,quadrant,isNew,Descripción en la empresa,Puntos de contacto (separados por punto y coma),URL APRENDIZAJE,Libros (Separados por punto y coma),books-HTML,point-of-contact-HTML,point-of-contact-with-header-html,link-to-confluence-with-header,books-with-header,description
Java 8,Adopted,Languages & Frameworks,FALSE,"Estamos usando Java 8 en muchos proyectos, y versiones anteriores en otros.",Didier Tabares;Santiago Garcés;,https://mercurio.psl.com.co:9443/confluence/display/SDCD/Back-End+JAVA+1.8+-+Desarrollo+de+competencias,,,Didier Tabares<BR/>Santiago Garcés<BR/>,<BR/><BR/><b>Algunos puntos de contacto en la empresa:</b><BR/>Didier Tabares<BR/>Santiago Garcés<BR/>,<BR/><BR/>Para desarrollar esta competencia presiona <a href='https://mercurio.psl.com.co:9443/confluence/display/SDCD/Back-End+JAVA+1.8+-+Desarrollo+de+competencias' target='_top'>aquí</a>,,"Estamos usando Java 8 en muchos proyectos, y versiones anteriores en otros.<BR/><BR/><b>Algunos puntos de contacto en la empresa:</b><BR/>Didier Tabares<BR/>Santiago Garcés<BR/><BR/><BR/>Para desarrollar esta competencia presiona <a href='https://mercurio.psl.com.co:9443/confluence/display/SDCD/Back-End+JAVA+1.8+-+Desarrollo+de+competencias' target='_top'>aquí</a>"
C#,Adopted,Languages & Frameworks,FALSE,"Estamos usando C# y varios lenguajes de .Net en proyectos como Deloitte, Bomgar, Alfa, entre otros.",Raúl Zuluaga;John Alzate;Alejandro Jimenez;David Camilo Torres;,,,,Raúl Zuluaga<BR/>John Alzate<BR/>Alejandro Jimenez<BR/>David Camilo Torres<BR/>,<BR/><BR/><b>Algunos puntos de contacto en la empresa:</b><BR/>Raúl Zuluaga<BR/>John Alzate<BR/>Alejandro Jimenez<BR/>David Camilo Torres<BR/>,,,"Estamos usando C# y varios lenguajes de .Net en proyectos como Deloitte, Bomgar, Alfa, entre otros.<BR/><BR/><b>Algunos puntos de contacto en la empresa:</b><BR/>Raúl Zuluaga<BR/>John Alzate<BR/>Alejandro Jimenez<BR/>David Camilo Torres<BR/>"
Spring Framework,Adopted,Languages & Frameworks,FALSE,"Spring está siendo usado en proyectos como Avianca, Cadreon, GTL, Mutual, Seon, entre muchos otros. Se están usando módulos como Spring Boot, Batch, Security, Web, Data, entre otros.",Santiago Garcés;Daniel Valderrama;Andrés de León;Sebastián Villa,https://mercurio.psl.com.co:9443/confluence/display/SDCD/Spring+-+Desarrollo+de+competencias,,,Santiago Garcés<BR/>Daniel Valderrama<BR/>Andrés de León<BR/>Sebastián Villa,<BR/><BR/><b>Algunos puntos de contacto en la empresa:</b><BR/>Santiago Garcés<BR/>Daniel Valderrama<BR/>Andrés de León<BR/>Sebastián Villa,<BR/><BR/>Para desarrollar esta competencia presiona <a href='https://mercurio.psl.com.co:9443/confluence/display/SDCD/Spring+-+Desarrollo+de+competencias' target='_top'>aquí</a>,,"Spring está siendo usado en proyectos como Avianca, Cadreon, GTL, Mutual, Seon, entre muchos otros. Se están usando módulos como Spring Boot, Batch, Security, Web, Data, entre otros.<BR/><BR/><b>Algunos puntos de contacto en la empresa:</b><BR/>Santiago Garcés<BR/>Daniel Valderrama<BR/>Andrés de León<BR/>Sebastián Villa<BR/><BR/>Para desarrollar esta competencia presiona <a href='https://mercurio.psl.com.co:9443/confluence/display/SDCD/Spring+-+Desarrollo+de+competencias' target='_top'>aquí</a>"
Hibernate,Adopted,Languages & Frameworks,FALSE,"Usamos Hibernate para muchos proyectos como ORM. Cadreon, Avianca, Seon son algunos buenos ejemplos.",Deibys Quintero,https://mercurio.psl.com.co:9443/confluence/display/SDCD/Hibernate+-+Desarrollo+de+Competencias,,,Deibys Quintero;,<BR/><BR/><b>Algunos puntos de contacto en la empresa:</b><BR/>Deibys Quintero;,<BR/><BR/>Para desarrollar esta competencia presiona <a href='https://mercurio.psl.com.co:9443/confluence/display/SDCD/Hibernate+-+Desarrollo+de+Competencias' target='_top'>aquí</a>,,"Usamos Hibernate para muchos proyectos como ORM. Cadreon, Avianca, Seon son algunos buenos ejemplos.<BR/><BR/><b>Algunos puntos de contacto en la empresa:</b><BR/>Deibys Quintero;<BR/><BR/>Para desarrollar esta competencia presiona <a href='https://mercurio.psl.com.co:9443/confluence/display/SDCD/Hibernate+-+Desarrollo+de+Competencias' target='_top'>aquí</a>"
Entity Framework,Adopted,Languages & Frameworks,FALSE,Usamos Entity Framework como ORM para muchos proyectos .Net,Raúl Zuluaga;John Alzate,https://mercurio.psl.com.co:9443/confluence/display/SDCD/Entity+Framework+-+Desarrollo+de+Competencias,,,Raúl Zuluaga<BR/>John Alzate,<BR/><BR/><b>Algunos puntos de contacto en la empresa:</b><BR/>Raúl Zuluaga<BR/>John Alzate,<BR/><BR/>Para desarrollar esta competencia presiona <a href='https://mercurio.psl.com.co:9443/confluence/display/SDCD/Entity+Framework+-+Desarrollo+de+Competencias' target='_top'>aquí</a>,,Usamos Entity Framework como ORM para muchos proyectos .Net<BR/><BR/><b>Algunos puntos de contacto en la empresa:</b><BR/>Raúl Zuluaga<BR/>John Alzate<BR/><BR/>Para desarrollar esta competencia presiona <a href='https://mercurio.psl.com.co:9443/confluence/display/SDCD/Entity+Framework+-+Desarrollo+de+Competencias' target='_top'>aquí</a>
Angular JS 1,Adopted,Languages & Frameworks,FALSE,Angular JS es uno de los frameworks más populares que usamos en FrontEnd. Hay muchos proyectos en Angular 1 y Angular 2.,Victor Cataño;Santiago Garcés;Pedro Patron;John de la Pava,https://mercurio.psl.com.co:9443/confluence/display/SDCD/Angular+1++-+Desarrollo+de+Competencias,,,Victor Cataño<BR/>Santiago Garcés<BR/>Pedro Patron<BR/>John de la Pava,<BR/><BR/><b>Algunos puntos de contacto en la empresa:</b><BR/>Victor Cataño<BR/>Santiago Garcés<BR/>Pedro Patron<BR/>John de la Pava,<BR/><BR/>Para desarrollar esta competencia presiona <a href='https://mercurio.psl.com.co:9443/confluence/display/SDCD/Angular+1++-+Desarrollo+de+Competencias' target='_top'>aquí</a>,,Angular JS es uno de los frameworks más populares que usamos en FrontEnd. Hay muchos proyectos en Angular 1 y Angular 2.<BR/><BR/><b>Algunos puntos de contacto en la empresa:</b><BR/>Victor Cataño<BR/>Santiago Garcés<BR/>Pedro Patron<BR/>John de la Pava<BR/><BR/>Para desarrollar esta competencia presiona <a href='https://mercurio.psl.com.co:9443/confluence/display/SDCD/Angular+1++-+Desarrollo+de+Competencias' target='_top'>aquí</a>
Ext JS,Adopted,Languages & Frameworks,FALSE,"En el pasado usamos Ext JS para varios proyectos, ahora se usa principalmente en proyectos que usan el framework interno Eureka.",,,,,,,,,"En el pasado usamos Ext JS para varios proyectos, ahora se usa principalmente en proyectos que usan el framework interno Eureka."
CSS Preprocessors (Less/Sass),Adopted,Languages & Frameworks,FALSE,El equipo de UX trabaja fuertemente con varios preprocessors CSS,David Franco;Luis David Carreño;Lina Cadavid,https://mercurio.psl.com.co:9443/confluence/display/SDCD/CSS3+-+Desarrollo+de+competencias,,,David Franco<BR/>Luis David Carreño<BR/>Lina Cadavid,<BR/><BR/><b>Algunos puntos de contacto en la empresa:</b><BR/>David Franco<BR/>Luis David Carreño<BR/>Lina Cadavid,<BR/><BR/>Para desarrollar esta competencia presiona <a href='https://mercurio.psl.com.co:9443/confluence/display/SDCD/CSS3+-+Desarrollo+de+competencias' target='_top'>aquí</a>,,El equipo de UX trabaja fuertemente con varios preprocessors CSS<BR/><BR/><b>Algunos puntos de contacto en la empresa:</b><BR/>David Franco<BR/>Luis David Carreño<BR/>Lina Cadavid<BR/><BR/>Para desarrollar esta competencia presiona <a href='https://mercurio.psl.com.co:9443/confluence/display/SDCD/CSS3+-+Desarrollo+de+competencias' target='_top'>aquí</a>
Bash,Adopted,Languages & Frameworks,TRUE,"Anteriormente Bash simplemente era un set de comandos del sistema operativo, sin embargo lo incluimos acá debido a que ya ha evolucionado mucho y se pueden crear programas elegantes en él.",David Vasquez,,,,David Vasquez,<BR/><BR/><b>Algunos puntos de contacto en la empresa:</b><BR/>David Vasquez,,,"Anteriormente Bash simplemente era un set de comandos del sistema operativo, sin embargo lo incluimos acá debido a que ya ha evolucionado mucho y se pueden crear programas elegantes en él.<BR/><BR/><b>Algunos puntos de contacto en la empresa:</b><BR/>David Vasquez"
Angular 2,Adopted,Languages & Frameworks,FALSE,Tomó un tiempo para que AngularJS 2 estuviera en un estado maduro pero lo estamos implementando ahora en varios proyectos de la empresa.,Pedro Patron,https://mercurio.psl.com.co:9443/confluence/display/SDCD/Angular+2+-+Desarrollo+de+Competencias,,,Pedro Patron,<BR/><BR/><b>Algunos puntos de contacto en la empresa:</b><BR/>Pedro Patron,<BR/><BR/>Para desarrollar esta competencia presiona <a href='https://mercurio.psl.com.co:9443/confluence/display/SDCD/Angular+2+-+Desarrollo+de+Competencias' target='_top'>aquí</a>,,Tomó un tiempo para que AngularJS 2 estuviera en un estado maduro pero lo estamos implementando ahora en varios proyectos de la empresa.<BR/><BR/><b>Algunos puntos de contacto en la empresa:</b><BR/>Pedro Patron<BR/><BR/>Para desarrollar esta competencia presiona <a href='https://mercurio.psl.com.co:9443/confluence/display/SDCD/Angular+2+-+Desarrollo+de+Competencias' target='_top'>aquí</a>
TypeScript,Adopted,Languages & Frameworks,FALSE,Typescript es usado en varios proyectos frontend en PSL,Darwin Ramos;Frederic Peña;Wbert Castro,https://mercurio.psl.com.co:9443/confluence/display/SDCD/TypeScript+-+Desarrollo+de+competencias,,,Darwin Ramos<BR/>Frederic Peña<BR/>Wbert Castro,<BR/><BR/><b>Algunos puntos de contacto en la empresa:</b><BR/>Darwin Ramos<BR/>Frederic Peña<BR/>Wbert Castro,<BR/><BR/>Para desarrollar esta competencia presiona <a href='https://mercurio.psl.com.co:9443/confluence/display/SDCD/TypeScript+-+Desarrollo+de+competencias' target='_top'>aquí</a>,,Typescript es usado en varios proyectos frontend en PSL<BR/><BR/><b>Algunos puntos de contacto en la empresa:</b><BR/>Darwin Ramos<BR/>Frederic Peña<BR/>Wbert Castro<BR/><BR/>Para desarrollar esta competencia presiona <a href='https://mercurio.psl.com.co:9443/confluence/display/SDCD/TypeScript+-+Desarrollo+de+competencias' target='_top'>aquí</a>
React JS,Trying,Languages & Frameworks,FALSE,Hemos usado React JS para varios proyectos como RMS.,Sergio Salazar,,,,Sergio Salazar,<BR/><BR/><b>Algunos puntos de contacto en la empresa:</b><BR/>Sergio Salazar,,,Hemos usado React JS para varios proyectos como RMS.<BR/><BR/><b>Algunos puntos de contacto en la empresa:</b><BR/>Sergio Salazar
Backbone,Trying,Languages & Frameworks,FALSE,Backbone ha sido usado en varios proyectos de FrontEnd.,David Camilo Torres;Victor Cataño;Daniel Martinez,https://mercurio.psl.com.co:9443/confluence/display/SDCD/BackBone+-+Desarrollo+de+competencias,,,David Camilo Torres<BR/>Victor Cataño<BR/>Daniel Martinez,<BR/><BR/><b>Algunos puntos de contacto en la empresa:</b><BR/>David Camilo Torres<BR/>Victor Cataño<BR/>Daniel Martinez,<BR/><BR/>Para desarrollar esta competencia presiona <a href='https://mercurio.psl.com.co:9443/confluence/display/SDCD/BackBone+-+Desarrollo+de+competencias' target='_top'>aquí</a>,,Backbone ha sido usado en varios proyectos de FrontEnd.<BR/><BR/><b>Algunos puntos de contacto en la empresa:</b><BR/>David Camilo Torres<BR/>Victor Cataño<BR/>Daniel Martinez<BR/><BR/>Para desarrollar esta competencia presiona <a href='https://mercurio.psl.com.co:9443/confluence/display/SDCD/BackBone+-+Desarrollo+de+competencias' target='_top'>aquí</a>
Node JS and Express,Trying,Languages & Frameworks,FALSE,"Node JS lo hemos usado como microservicios, para procesar datos TCP en tiempo real, en algunos proyectos en conjunto con Express, o simplemente para usar/crear utilidades de despliegue y testing",Daniel Martinez;Sergio Salazar,,,,Daniel Martinez<BR/>Sergio Salazar,<BR/><BR/><b>Algunos puntos de contacto en la empresa:</b><BR/>Daniel Martinez<BR/>Sergio Salazar,,,"Node JS lo hemos usado como microservicios, para procesar datos TCP en tiempo real, en algunos proyectos en conjunto con Express, o simplemente para usar/crear utilidades de despliegue y testing<BR/><BR/><b>Algunos puntos de contacto en la empresa:</b><BR/>Daniel Martinez<BR/>Sergio Salazar"
GoLang,Trying,Languages & Frameworks,FALSE,En algunos proyectos estamos implementando microservicios en GoLang ,Jackson Palacios;Miguel Eduardo Osorio,,,,Jackson Palacios<BR/>Miguel Eduardo Osorio,<BR/><BR/><b>Algunos puntos de contacto en la empresa:</b><BR/>Jackson Palacios<BR/>Miguel Eduardo Osorio,,,En algunos proyectos estamos implementando microservicios en GoLang <BR/><BR/><b>Algunos puntos de contacto en la empresa:</b><BR/>Jackson Palacios<BR/>Miguel Eduardo Osorio
Scala,Exploring,Languages & Frameworks,FALSE,Hemos implementado varios microservicios con Scala en varios proyectos,,,,,,,,,Hemos implementado varios microservicios con Scala en varios proyectos
Python 3,Exploring,Languages & Frameworks,TRUE,Estamos explorando Python para varias oportunidades relacionadas con Big Data.,Alejandro Calderón;Fabrizio Sgura;David Vásquez;Juan Sebastian Zapata,,,,Alejandro Calderón<BR/>Fabrizio Sgura<BR/>David Vásquez<BR/>Juan Sebastian Zapata,<BR/><BR/><b>Algunos puntos de contacto en la empresa:</b><BR/>Alejandro Calderón<BR/>Fabrizio Sgura<BR/>David Vásquez<BR/>Juan Sebastian Zapata,,,Estamos explorando Python para varias oportunidades relacionadas con Big Data.<BR/><BR/><b>Algunos puntos de contacto en la empresa:</b><BR/>Alejandro Calderón<BR/>Fabrizio Sgura<BR/>David Vásquez<BR/>Juan Sebastian Zapata
Angular 4,Exploring,Languages & Frameworks,TRUE,"Angular 4 introduce algunos cambios menores a Angular JS 2, y es probable que estemos migrando varios proyectos a esta versión.",,,,,,,,,"Angular 4 introduce algunos cambios menores a Angular JS 2, y es probable que estemos migrando varios proyectos a esta versión."
BotFramework,Exploring,Languages & Frameworks,TRUE,Estamos implementando algunos bots como utilidades internas para conectar el conocimiento y como interfaces para JIRA.,Julian Vanegas;Sebastian Velez,,,,Julian Vanegas<BR/>Sebastian Velez,<BR/><BR/><b>Algunos puntos de contacto en la empresa:</b><BR/>Julian Vanegas<BR/>Sebastian Velez,,,Estamos implementando algunos bots como utilidades internas para conectar el conocimiento y como interfaces para JIRA.<BR/><BR/><b>Algunos puntos de contacto en la empresa:</b><BR/>Julian Vanegas<BR/>Sebastian Velez
Continuous Integration,Adopted,Techniques & Practices,FALSE,"Es una práctica generalizada en PSL. Implementamos CI con Bamboo, Jenkins, Travis CI, TeamCity, TFS, entre otros servidores. Es un tema común en charlas a la comunidad.",Camilo Velez,,,,Camilo Velez,<BR/><BR/><b>Algunos puntos de contacto en la empresa:</b><BR/>Camilo Velez,,,"Es una práctica generalizada en PSL. Implementamos CI con Bamboo, Jenkins, Travis CI, TeamCity, TFS, entre otros servidores. Es un tema común en charlas a la comunidad.<BR/><BR/><b>Algunos puntos de contacto en la empresa:</b><BR/>Camilo Velez"
Test Driven development,Adopted,Techniques & Practices,FALSE,En PSL aconsejamos utilizar TDD para los desarrollos que realizamos. Realizamos muchas actividades para promoverlo y entenderlo en la empresa.,Didier Tabares;Danilo Castro;,https://mercurio.psl.com.co:9443/confluence/display/SDCD/Unit+Testing+-+TDD+-+Desarrollo+de+competencias,,,Didier Tabares<BR/>Danilo Castro<BR/>,<BR/><BR/><b>Algunos puntos de contacto en la empresa:</b><BR/>Didier Tabares<BR/>Danilo Castro<BR/>,<BR/><BR/>Para desarrollar esta competencia presiona <a href='https://mercurio.psl.com.co:9443/confluence/display/SDCD/Unit+Testing+-+TDD+-+Desarrollo+de+competencias' target='_top'>aquí</a>,,En PSL aconsejamos utilizar TDD para los desarrollos que realizamos. Realizamos muchas actividades para promoverlo y entenderlo en la empresa.<BR/><BR/><b>Algunos puntos de contacto en la empresa:</b><BR/>Didier Tabares<BR/>Danilo Castro<BR/><BR/><BR/>Para desarrollar esta competencia presiona <a href='https://mercurio.psl.com.co:9443/confluence/display/SDCD/Unit+Testing+-+TDD+-+Desarrollo+de+competencias' target='_top'>aquí</a>
Refactoring & Clean Code,Adopted,Techniques & Practices,FALSE,"Creemos en aplicar refactoring constantemente, paso a paso y apoyándonos en la automatización de pruebas. Esta práctica está apoyada en escribir código limpio y en herramientas automáticas (tipo sonarqube) para verificar que nuestro código esté en un estado óptimo.",Danilo Castro,,Clean Code A Handbook of Agile Software Craftmanship,Clean Code A Handbook of Agile Software Craftmanship,Danilo Castro,<BR/><BR/><b>Algunos puntos de contacto en la empresa:</b><BR/>Danilo Castro,,<br/><br/><b>Algunos libros de nuestra librería kindle relacionados:</b><BR/>Clean Code A Handbook of Agile Software Craftmanship,"Creemos en aplicar refactoring constantemente, paso a paso y apoyándonos en la automatización de pruebas. Esta práctica está apoyada en escribir código limpio y en herramientas automáticas (tipo sonarqube) para verificar que nuestro código esté en un estado óptimo.<BR/><BR/><b>Algunos puntos de contacto en la empresa:</b><BR/>Danilo Castro<br/><br/><b>Algunos libros de nuestra librería kindle relacionados:</b><BR/>Clean Code A Handbook of Agile Software Craftmanship"
Domain Driven Design,Adopted,Techniques & Practices,FALSE,"Implementamos Domain Driven Design (parcial o totalmente) en muchos proyectos en PSL. Trabajamos con Bounded Contexts, Agregados, entidades, objetos de valor, repositorios, entre otros.",Didier Tabares,,Domain-Driven Design;Implementing Domain-Driven Design,Domain-Driven Design<BR/>Implementing Domain-Driven Design,Didier Tabares,<BR/><BR/><b>Algunos puntos de contacto en la empresa:</b><BR/>Didier Tabares,,<br/><br/><b>Algunos libros de nuestra librería kindle relacionados:</b><BR/>Domain-Driven Design<BR/>Implementing Domain-Driven Design,"Implementamos Domain Driven Design (parcial o totalmente) en muchos proyectos en PSL. Trabajamos con Bounded Contexts, Agregados, entidades, objetos de valor, repositorios, entre otros.<BR/><BR/><b>Algunos puntos de contacto en la empresa:</b><BR/>Didier Tabares<br/><br/><b>Algunos libros de nuestra librería kindle relacionados:</b><BR/>Domain-Driven Design<BR/>Implementing Domain-Driven Design"
UI Automated Testing,Adopted,Techniques & Practices,FALSE,"En muchos proyectos estamos implementando UI testing con herramientas como Selenium, Protractor, Sahi, entre otros.",German Potes;Alejandro Perdomo;Marlon Aguilar,https://mercurio.psl.com.co:9443/confluence/pages/viewpage.action?pageId=77728483,,,German Potes<BR/>Alejandro Perdomo<BR/>Marlon Aguilar,<BR/><BR/><b>Algunos puntos de contacto en la empresa:</b><BR/>German Potes<BR/>Alejandro Perdomo<BR/>Marlon Aguilar,<BR/><BR/>Para desarrollar esta competencia presiona <a href='https://mercurio.psl.com.co:9443/confluence/pages/viewpage.action?pageId=77728483' target='_top'>aquí</a>,,"En muchos proyectos estamos implementando UI testing con herramientas como Selenium, Protractor, Sahi, entre otros.<BR/><BR/><b>Algunos puntos de contacto en la empresa:</b><BR/>German Potes<BR/>Alejandro Perdomo<BR/>Marlon Aguilar<BR/><BR/>Para desarrollar esta competencia presiona <a href='https://mercurio.psl.com.co:9443/confluence/pages/viewpage.action?pageId=77728483' target='_top'>aquí</a>"
API Automated Testing,Adopted,Techniques & Practices,FALSE,Estamos implementando API testing con Postman o simplemente utilizando librerias REST en varios lenguajes de programación.,Juan Henao;Alejandro Perdomo;Marlon Aguilar,https://mercurio.psl.com.co:9443/confluence/display/SDCD/Service+Testing+-+Desarrollo+de+competencias,,,Juan Henao<BR/>Alejandro Perdomo<BR/>Marlon Aguilar,<BR/><BR/><b>Algunos puntos de contacto en la empresa:</b><BR/>Juan Henao<BR/>Alejandro Perdomo<BR/>Marlon Aguilar,<BR/><BR/>Para desarrollar esta competencia presiona <a href='https://mercurio.psl.com.co:9443/confluence/display/SDCD/Service+Testing+-+Desarrollo+de+competencias' target='_top'>aquí</a>,,Estamos implementando API testing con Postman o simplemente utilizando librerias REST en varios lenguajes de programación.<BR/><BR/><b>Algunos puntos de contacto en la empresa:</b><BR/>Juan Henao<BR/>Alejandro Perdomo<BR/>Marlon Aguilar<BR/><BR/>Para desarrollar esta competencia presiona <a href='https://mercurio.psl.com.co:9443/confluence/display/SDCD/Service+Testing+-+Desarrollo+de+competencias' target='_top'>aquí</a>
Impact Mapping / User Story Mapping,Adopted,Techniques & Practices,FALSE,"Las técnicas de Impact Mapping y User Story Mapping se trabajan con los clientes para encontrar prioridades, enfocarnos en el usuario, y definir a un alto nivel el roadmap de un proyecto.",Laura Vanegas,https://mercurio.psl.com.co:9443/confluence/display/SDCD/Impact+Mapping,Impact Mapping - Gojko Adzic;,Impact Mapping - Gojko Adzic<BR/>,Laura Vanegas,<BR/><BR/><b>Algunos puntos de contacto en la empresa:</b><BR/>Laura Vanegas,<BR/><BR/>Para desarrollar esta competencia presiona <a href='https://mercurio.psl.com.co:9443/confluence/display/SDCD/Impact+Mapping' target='_top'>aquí</a>,<br/><br/><b>Algunos libros de nuestra librería kindle relacionados:</b><BR/>Impact Mapping - Gojko Adzic<BR/>,"Las técnicas de Impact Mapping y User Story Mapping se trabajan con los clientes para encontrar prioridades, enfocarnos en el usuario, y definir a un alto nivel el roadmap de un proyecto.<BR/><BR/><b>Algunos puntos de contacto en la empresa:</b><BR/>Laura Vanegas<BR/><BR/>Para desarrollar esta competencia presiona <a href='https://mercurio.psl.com.co:9443/confluence/display/SDCD/Impact+Mapping' target='_top'>aquí</a><br/><br/><b>Algunos libros de nuestra librería kindle relacionados:</b><BR/>Impact Mapping - Gojko Adzic<BR/>"
Unit Testing,Adopted,Techniques & Practices,FALSE,En todos los proyectos que construimos desde cero (hay algunas excepciones legacy) implementamos unit testing.,Catalina Soto;Juan Vicente;Mauricio Lopez,https://mercurio.psl.com.co:9443/confluence/display/SDCD/Unit+Testing+-+TDD+-+Desarrollo+de+competencias,,,Catalina Soto<BR/>Juan Vicente<BR/>Mauricio Lopez,<BR/><BR/><b>Algunos puntos de contacto en la empresa:</b><BR/>Catalina Soto<BR/>Juan Vicente<BR/>Mauricio Lopez,<BR/><BR/>Para desarrollar esta competencia presiona <a href='https://mercurio.psl.com.co:9443/confluence/display/SDCD/Unit+Testing+-+TDD+-+Desarrollo+de+competencias' target='_top'>aquí</a>,,En todos los proyectos que construimos desde cero (hay algunas excepciones legacy) implementamos unit testing.<BR/><BR/><b>Algunos puntos de contacto en la empresa:</b><BR/>Catalina Soto<BR/>Juan Vicente<BR/>Mauricio Lopez<BR/><BR/>Para desarrollar esta competencia presiona <a href='https://mercurio.psl.com.co:9443/confluence/display/SDCD/Unit+Testing+-+TDD+-+Desarrollo+de+competencias' target='_top'>aquí</a>
Responsive and Adaptative Design,Adopted,Techniques & Practices,FALSE,Nuestro equipo de UX implementa las experiencias de usuario siguiendo diseños responsive o adaptativos.,Luis David Carreño;David Franco,,Responsive Web Design with HTML5 and CSS3 - Second Edition . Packt Publishing. ,Responsive Web Design with HTML5 and CSS3 - Second Edition . Packt Publishing. ,Luis David Carreño<BR/>David Franco,<BR/><BR/><b>Algunos puntos de contacto en la empresa:</b><BR/>Luis David Carreño<BR/>David Franco,,<br/><br/><b>Algunos libros de nuestra librería kindle relacionados:</b><BR/>Responsive Web Design with HTML5 and CSS3 - Second Edition . Packt Publishing. ,Nuestro equipo de UX implementa las experiencias de usuario siguiendo diseños responsive o adaptativos.<BR/><BR/><b>Algunos puntos de contacto en la empresa:</b><BR/>Luis David Carreño<BR/>David Franco<br/><br/><b>Algunos libros de nuestra librería kindle relacionados:</b><BR/>Responsive Web Design with HTML5 and CSS3 - Second Edition . Packt Publishing. 
Exploratory Testing,Adopted,Techniques & Practices,FALSE,Complementamos nuestro testing con sesiones exploratorias que buscan aprender del sistema y encontrar nuevos casos de prueba para automatizar.,Marlon Aguilar;Karolina Kaufman,https://mercurio.psl.com.co:9443/confluence/pages/viewpage.action?pageId=80646714,Explore It - Reduce risk and increase confidence with Exploratory Testing,Explore It - Reduce risk and increase confidence with Exploratory Testing,Marlon Aguilar<BR/>Karolina Kaufman,<BR/><BR/><b>Algunos puntos de contacto en la empresa:</b><BR/>Marlon Aguilar<BR/>Karolina Kaufman,<BR/><BR/>Para desarrollar esta competencia presiona <a href='https://mercurio.psl.com.co:9443/confluence/pages/viewpage.action?pageId=80646714' target='_top'>aquí</a>,<br/><br/><b>Algunos libros de nuestra librería kindle relacionados:</b><BR/>Explore It - Reduce risk and increase confidence with Exploratory Testing,Complementamos nuestro testing con sesiones exploratorias que buscan aprender del sistema y encontrar nuevos casos de prueba para automatizar.<BR/><BR/><b>Algunos puntos de contacto en la empresa:</b><BR/>Marlon Aguilar<BR/>Karolina Kaufman<BR/><BR/>Para desarrollar esta competencia presiona <a href='https://mercurio.psl.com.co:9443/confluence/pages/viewpage.action?pageId=80646714' target='_top'>aquí</a><br/><br/><b>Algunos libros de nuestra librería kindle relacionados:</b><BR/>Explore It - Reduce risk and increase confidence with Exploratory Testing
UX and User Centered Design,Trying,Techniques & Practices,FALSE,Estamos trabajando con Diseño centrado en usuarios como un marco de trabajo que busca que nuestro software realmente agregue valor a los usuarios y lo haga de una manera intuitiva y eficiente.,Luis David Carreño;David Franco,https://mercurio.psl.com.co:9443/confluence/display/SDCD/User+Centered+Design,,,Luis David Carreño<BR/>David Franco,<BR/><BR/><b>Algunos puntos de contacto en la empresa:</b><BR/>Luis David Carreño<BR/>David Franco,<BR/><BR/>Para desarrollar esta competencia presiona <a href='https://mercurio.psl.com.co:9443/confluence/display/SDCD/User+Centered+Design' target='_top'>aquí</a>,,Estamos trabajando con Diseño centrado en usuarios como un marco de trabajo que busca que nuestro software realmente agregue valor a los usuarios y lo haga de una manera intuitiva y eficiente.<BR/><BR/><b>Algunos puntos de contacto en la empresa:</b><BR/>Luis David Carreño<BR/>David Franco<BR/><BR/>Para desarrollar esta competencia presiona <a href='https://mercurio.psl.com.co:9443/confluence/display/SDCD/User+Centered+Design' target='_top'>aquí</a>
Pair Programming,Trying,Techniques & Practices,FALSE,"La programación por pares la estamos usando por distintos motivos: Como entrenamiento de personas nuevas dentro de un equipo, como mecanismo para polinizar conocimiento, y como forma de incrementar nuestro rendimiento y aprender del otro. Usualmente surge de forma espontánea, sin embargo hay varias iniciativas formales en proyectos para usarla regularmente.",,,,,,,,,"La programación por pares la estamos usando por distintos motivos: Como entrenamiento de personas nuevas dentro de un equipo, como mecanismo para polinizar conocimiento, y como forma de incrementar nuestro rendimiento y aprender del otro. Usualmente surge de forma espontánea, sin embargo hay varias iniciativas formales en proyectos para usarla regularmente."
Microservices architectures,Trying,Techniques & Practices,FALSE,"Hemos implementado microservicios para varios proyectos. Hemos aprendido bastante y aunque vemos muchos beneficios de esta aproximación, es  importante entender cuándo y cómo implementar microservicios pues viene con unos retos considerables asociados.",Didier Tabares,,,,Didier Tabares,<BR/><BR/><b>Algunos puntos de contacto en la empresa:</b><BR/>Didier Tabares,,,"Hemos implementado microservicios para varios proyectos. Hemos aprendido bastante y aunque vemos muchos beneficios de esta aproximación, es  importante entender cuándo y cómo implementar microservicios pues viene con unos retos considerables asociados.<BR/><BR/><b>Algunos puntos de contacto en la empresa:</b><BR/>Didier Tabares"
Service Discovery,Trying,Techniques & Practices,FALSE,"Implementar Service Discovery es muy útil por dos motivos: Primero, para realizar despliegues en arquitecturas de microservicios. Segundo, en algunos casos se pueden implementar balanceadores de carga sobre el mismo servicio de SD.",David Vásquez,,,,David Vásquez,<BR/><BR/><b>Algunos puntos de contacto en la empresa:</b><BR/>David Vásquez,,,"Implementar Service Discovery es muy útil por dos motivos: Primero, para realizar despliegues en arquitecturas de microservicios. Segundo, en algunos casos se pueden implementar balanceadores de carga sobre el mismo servicio de SD.<BR/><BR/><b>Algunos puntos de contacto en la empresa:</b><BR/>David Vásquez"
Containerization,Trying,Techniques & Practices,FALSE,"Estamos implementando contenedores para muchos proyectos. En algunos casos, como Avianca, para efectos de pruebas. En otros, como Xtiva o Mutual Ser, incluso hasta producción y despliegue de aplicaciones (o microservicios). Generalmente orquestamos los Microservicios con herramientas como Kubernetes",Fabrizio Sgura,,,,Fabrizio Sgura,<BR/><BR/><b>Algunos puntos de contacto en la empresa:</b><BR/>Fabrizio Sgura,,,"Estamos implementando contenedores para muchos proyectos. En algunos casos, como Avianca, para efectos de pruebas. En otros, como Xtiva o Mutual Ser, incluso hasta producción y despliegue de aplicaciones (o microservicios). Generalmente orquestamos los Microservicios con herramientas como Kubernetes<BR/><BR/><b>Algunos puntos de contacto en la empresa:</b><BR/>Fabrizio Sgura"
Infrastructure as Code,Trying,Techniques & Practices,FALSE,"Tratar la infraestructura como código es una tendencia de la industria y nosotros lo estamos utilizando a través, por ejemplo, de implementar Cloud Formation para varios proyectos en AWS.",David Vásquez;Fabrizio Sgura,,,,David Vásquez<BR/>Fabrizio Sgura,<BR/><BR/><b>Algunos puntos de contacto en la empresa:</b><BR/>David Vásquez<BR/>Fabrizio Sgura,,,"Tratar la infraestructura como código es una tendencia de la industria y nosotros lo estamos utilizando a través, por ejemplo, de implementar Cloud Formation para varios proyectos en AWS.<BR/><BR/><b>Algunos puntos de contacto en la empresa:</b><BR/>David Vásquez<BR/>Fabrizio Sgura"
Continuous Delivery,Trying,Techniques & Practices,FALSE,"Hemos implementado CD para varios proyectos y estamos en camino para otros. El solo camino hacia Continuous Delivery trae muchas ventajas pues te obliga a pensar en automatización de pruebas, de despliegues, a volver controlados una serie de procesos que usualmente no lo son.",Esteban Vasquez;FabrizioSgura,,"Continuos Delivery de Jezz Humble, David Farley","Continuos Delivery de Jezz Humble, David Farley",Esteban Vasquez<BR/>FabrizioSgura,<BR/><BR/><b>Algunos puntos de contacto en la empresa:</b><BR/>Esteban Vasquez<BR/>FabrizioSgura,,"<br/><br/><b>Algunos libros de nuestra librería kindle relacionados:</b><BR/>Continuos Delivery de Jezz Humble, David Farley","Hemos implementado CD para varios proyectos y estamos en camino para otros. El solo camino hacia Continuous Delivery trae muchas ventajas pues te obliga a pensar en automatización de pruebas, de despliegues, a volver controlados una serie de procesos que usualmente no lo son.<BR/><BR/><b>Algunos puntos de contacto en la empresa:</b><BR/>Esteban Vasquez<BR/>FabrizioSgura<br/><br/><b>Algunos libros de nuestra librería kindle relacionados:</b><BR/>Continuos Delivery de Jezz Humble, David Farley"
BDD,Trying,Techniques & Practices,FALSE,"Estamos corriendo varios proyectos con BDD de punta a punta. Esto incluye escribir especificaciones, codificar de manera adecuada, probar basado en estas codificaciones, y manejar un lenguaje homogéneo dentro de todo el equipo. Lo hacemos apoyados de herramientas como Cucumber o Jasmine.",Alejandro Perdomo;Tatiana Tamayo;,,,,Alejandro Perdomo<BR/>Tatiana Tamayo<BR/>,<BR/><BR/><b>Algunos puntos de contacto en la empresa:</b><BR/>Alejandro Perdomo<BR/>Tatiana Tamayo<BR/>,,,"Estamos corriendo varios proyectos con BDD de punta a punta. Esto incluye escribir especificaciones, codificar de manera adecuada, probar basado en estas codificaciones, y manejar un lenguaje homogéneo dentro de todo el equipo. Lo hacemos apoyados de herramientas como Cucumber o Jasmine.<BR/><BR/><b>Algunos puntos de contacto en la empresa:</b><BR/>Alejandro Perdomo<BR/>Tatiana Tamayo<BR/>"
ETLs,Trying,Techniques & Practices,FALSE,"Estamos implementando ETLs en varios proyectos usando tecnologías como Spark, Spring Batch, entre otros",Andrés de León;Hogly Rubio,,,,Andrés de León<BR/>Hogly Rubio,<BR/><BR/><b>Algunos puntos de contacto en la empresa:</b><BR/>Andrés de León<BR/>Hogly Rubio,,,"Estamos implementando ETLs en varios proyectos usando tecnologías como Spark, Spring Batch, entre otros<BR/><BR/><b>Algunos puntos de contacto en la empresa:</b><BR/>Andrés de León<BR/>Hogly Rubio"
Polyglot Persistence,Trying,Techniques & Practices,FALSE,"Estamos combinando varios motores de persistencia en proyectos de la empresa. Usando motores relacionales, Elastic Search, Cassandra o Mongo DB, o varios de ellos en patrones como CQRS.",Carlos Tovar,,,,Carlos Tovar,<BR/><BR/><b>Algunos puntos de contacto en la empresa:</b><BR/>Carlos Tovar,,,"Estamos combinando varios motores de persistencia en proyectos de la empresa. Usando motores relacionales, Elastic Search, Cassandra o Mongo DB, o varios de ellos en patrones como CQRS.<BR/><BR/><b>Algunos puntos de contacto en la empresa:</b><BR/>Carlos Tovar"
Event Driven Architectures,Trying,Techniques & Practices,FALSE,Estamos utilizando arquitecturas orientadas a eventos en varios proyectos. Desde Event Notifications hasta Event Sourcing. Xtiva es un excelente ejemplo del tema.,Didier Tabares,,,,Didier Tabares,<BR/><BR/><b>Algunos puntos de contacto en la empresa:</b><BR/>Didier Tabares,,,Estamos utilizando arquitecturas orientadas a eventos en varios proyectos. Desde Event Notifications hasta Event Sourcing. Xtiva es un excelente ejemplo del tema.<BR/><BR/><b>Algunos puntos de contacto en la empresa:</b><BR/>Didier Tabares
Fast Data Architectures,Trying,Techniques & Practices,TRUE,"En varios proyectos estamos trabajando con fast data architectures, enfocados especialmente en streaming de eventos.",Fabrizio Sgura,,,,Fabrizio Sgura,<BR/><BR/><b>Algunos puntos de contacto en la empresa:</b><BR/>Fabrizio Sgura,,,"En varios proyectos estamos trabajando con fast data architectures, enfocados especialmente en streaming de eventos.<BR/><BR/><b>Algunos puntos de contacto en la empresa:</b><BR/>Fabrizio Sgura"
Security Testing,Exploring,Techniques & Practices,FALSE,"En varios proyectos realizamos Penetration testing y actividades de white hat hacking, sin embargo estamos explorando el uso de herramientas automáticas e integradas con servidores de integración continua para pruebas automáticas de seguridad.",Luis Felipe Acosta,,,,Luis Felipe Acosta,<BR/><BR/><b>Algunos puntos de contacto en la empresa:</b><BR/>Luis Felipe Acosta,,,"En varios proyectos realizamos Penetration testing y actividades de white hat hacking, sin embargo estamos explorando el uso de herramientas automáticas e integradas con servidores de integración continua para pruebas automáticas de seguridad.<BR/><BR/><b>Algunos puntos de contacto en la empresa:</b><BR/>Luis Felipe Acosta"
Feature Toggles,Exploring,Techniques & Practices,FALSE,Estamos explorando implementar feature toggles en un esquema de trunk-based development.,,,,,,,,,Estamos explorando implementar feature toggles en un esquema de trunk-based development.
Serverless compute,Exploring,Techniques & Practices,TRUE,"Existen algunas utilidades o aplicaciones que estamos realizando con Amazon Lambda. Realmente no es una arquitectura completamente Serverless, pero si utilizamos el esquema de function-as-a-service para algunos temas en Bomgar y en Xtiva.",Raúl Zuluaga;David Vasquez,,,,Raúl Zuluaga<BR/>David Vasquez,<BR/><BR/><b>Algunos puntos de contacto en la empresa:</b><BR/>Raúl Zuluaga<BR/>David Vasquez,,,"Existen algunas utilidades o aplicaciones que estamos realizando con Amazon Lambda. Realmente no es una arquitectura completamente Serverless, pero si utilizamos el esquema de function-as-a-service para algunos temas en Bomgar y en Xtiva.<BR/><BR/><b>Algunos puntos de contacto en la empresa:</b><BR/>Raúl Zuluaga<BR/>David Vasquez"
Usability Testing,Exploring,Techniques & Practices,FALSE,Estamos adquiriendo conocimiento y aplicando conceptos de pruebas de usabilidad,Luis David Carreño;Juan Fernando Moreno,,,,,,,,
"AWS infrastructure (EC2, S3, VPC, RDS, etc...)",Adopted,Platform,FALSE,"Tenemos mucha experiencia con EC2, S3, SQS, SNS, RDS, entre otros servicios AWS. Existen múltiples proyectos desplegados enteramente sobre Amazon.",David Vásquez;Esteban Vásquez,,,,David Vásquez<BR/>Esteban Vásquez,<BR/><BR/><b>Algunos puntos de contacto en la empresa:</b><BR/>David Vásquez<BR/>Esteban Vásquez,,,"Tenemos mucha experiencia con EC2, S3, SQS, SNS, RDS, entre otros servicios AWS. Existen múltiples proyectos desplegados enteramente sobre Amazon.<BR/><BR/><b>Algunos puntos de contacto en la empresa:</b><BR/>David Vásquez<BR/>Esteban Vásquez"
"AWS development tools (CloudWatch, Elastic Beanstalk, entre otros)",Adopted,Platform,FALSE,"A nivel de aplicación estamos implementando varios servicios de AWS, como CloudWatch (logging), Elastic Beans Talk (PaaS), entre otros.",David Vásquez;Esteban Vásquez,,,,David Vásquez<BR/>Esteban Vásquez,<BR/><BR/><b>Algunos puntos de contacto en la empresa:</b><BR/>David Vásquez<BR/>Esteban Vásquez,,,"A nivel de aplicación estamos implementando varios servicios de AWS, como CloudWatch (logging), Elastic Beans Talk (PaaS), entre otros.<BR/><BR/><b>Algunos puntos de contacto en la empresa:</b><BR/>David Vásquez<BR/>Esteban Vásquez"
Jenkins,Adopted,Platform,FALSE,"Estamos usando Jenkins en varios proyectos, tanto la versión 1 como la 2, para realizar integración continua",Camilo Velez;Jhonnatan Pulgarin;Andrés Eusse (versión 2),,,,Camilo Velez<BR/>Jhonnatan Pulgarin<BR/>Andrés Eusse (versión 2),<BR/><BR/><b>Algunos puntos de contacto en la empresa:</b><BR/>Camilo Velez<BR/>Jhonnatan Pulgarin<BR/>Andrés Eusse (versión 2),,,"Estamos usando Jenkins en varios proyectos, tanto la versión 1 como la 2, para realizar integración continua<BR/><BR/><b>Algunos puntos de contacto en la empresa:</b><BR/>Camilo Velez<BR/>Jhonnatan Pulgarin<BR/>Andrés Eusse (versión 2)"
Bamboo,Adopted,Platform,FALSE,Usamos Bamboo en PSL como CI server por defecto. Se integra con otros productos de la suite de atlassian.,Camilo Velez;Jhonnatan Pulgarin,,,,Camilo Velez<BR/>Jhonnatan Pulgarin,<BR/><BR/><b>Algunos puntos de contacto en la empresa:</b><BR/>Camilo Velez<BR/>Jhonnatan Pulgarin,,,Usamos Bamboo en PSL como CI server por defecto. Se integra con otros productos de la suite de atlassian.<BR/><BR/><b>Algunos puntos de contacto en la empresa:</b><BR/>Camilo Velez<BR/>Jhonnatan Pulgarin
Sonarqube,Adopted,Platform,FALSE,"SonarQube está implementado en varios proyectos para analizar cobertura de testing, niveles de deuda técnica y manejo de buenas prácticas de desarrollo",Jonathan Pulgarín,,,,Jonathan Pulgarín,<BR/><BR/><b>Algunos puntos de contacto en la empresa:</b><BR/>Jonathan Pulgarín,,,"SonarQube está implementado en varios proyectos para analizar cobertura de testing, niveles de deuda técnica y manejo de buenas prácticas de desarrollo<BR/><BR/><b>Algunos puntos de contacto en la empresa:</b><BR/>Jonathan Pulgarín"
Gitlab,Adopted,Platform,FALSE,"Tenemos un servidor de GitLab en la empresa que usamos para varios proyectos. Desde aquí controlamos la estrategia de branching, merging, la integración con herramientas de CI, y también lo usamos como herramienta para revisiones de código.",,https://www.atlassian.com/git,,,,,<BR/><BR/>Para desarrollar esta competencia presiona <a href='https://www.atlassian.com/git' target='_top'>aquí</a>,,"Tenemos un servidor de GitLab en la empresa que usamos para varios proyectos. Desde aquí controlamos la estrategia de branching, merging, la integración con herramientas de CI, y también lo usamos como herramienta para revisiones de código.<BR/><BR/>Para desarrollar esta competencia presiona <a href='https://www.atlassian.com/git' target='_top'>aquí</a>"
Elastic Search,Adopted,Platform,FALSE,Elastic Search es usado en varios proyectos bien sea como mecanismo de persistencia principal o como un indexador con fines de búsqueda.,Giovanni Tovar;Esteban Vásquez,,,,Giovanni Tovar<BR/>Esteban Vásquez,<BR/><BR/><b>Algunos puntos de contacto en la empresa:</b><BR/>Giovanni Tovar<BR/>Esteban Vásquez,,,Elastic Search es usado en varios proyectos bien sea como mecanismo de persistencia principal o como un indexador con fines de búsqueda.<BR/><BR/><b>Algunos puntos de contacto en la empresa:</b><BR/>Giovanni Tovar<BR/>Esteban Vásquez
Cassandra,Trying,Platform,FALSE,Estamos usando Cassandra como Event Store en xtiva,Andrés de León;Didier Tabares,,,,Andrés de León<BR/>Didier Tabares,<BR/><BR/><b>Algunos puntos de contacto en la empresa:</b><BR/>Andrés de León<BR/>Didier Tabares,,,Estamos usando Cassandra como Event Store en xtiva<BR/><BR/><b>Algunos puntos de contacto en la empresa:</b><BR/>Andrés de León<BR/>Didier Tabares
MongoDB,Trying,Platform,FALSE,Hemos usado MongoDB en varios proyectos. Seon es un excelente ejemplo de uso de índices geo-espaciales y manejo de bases de datos de varios Terabytes,Wilson Mendez;Gustavo Mendoza,https://mercurio.psl.com.co:9443/confluence/display/SDCD/MongoDB++-+Desarrollo+de+Competencias,,,Wilson Mendez<BR/>Gustavo Mendoza,<BR/><BR/><b>Algunos puntos de contacto en la empresa:</b><BR/>Wilson Mendez<BR/>Gustavo Mendoza,<BR/><BR/>Para desarrollar esta competencia presiona <a href='https://mercurio.psl.com.co:9443/confluence/display/SDCD/MongoDB++-+Desarrollo+de+Competencias' target='_top'>aquí</a>,,Hemos usado MongoDB en varios proyectos. Seon es un excelente ejemplo de uso de índices geo-espaciales y manejo de bases de datos de varios Terabytes<BR/><BR/><b>Algunos puntos de contacto en la empresa:</b><BR/>Wilson Mendez<BR/>Gustavo Mendoza<BR/><BR/>Para desarrollar esta competencia presiona <a href='https://mercurio.psl.com.co:9443/confluence/display/SDCD/MongoDB++-+Desarrollo+de+Competencias' target='_top'>aquí</a>
Azure,Trying,Platform,FALSE,Tenemos experiencia con servicios de Azure para aplicaciones en .Net.,,,,,,,,,Tenemos experiencia con servicios de Azure para aplicaciones en .Net.
Docker,Trying,Platform,FALSE,"Usamos Docker en varios proyectos. En algunos solo para crear containers útiles para testing, en otros hasta producción. ",Esteban Vasquez;FabrizioSgura,,Docker cookbook;Using docker,Docker cookbook<BR/>Using docker,Esteban Vasquez<BR/>FabrizioSgura,<BR/><BR/><b>Algunos puntos de contacto en la empresa:</b><BR/>Esteban Vasquez<BR/>FabrizioSgura,,<br/><br/><b>Algunos libros de nuestra librería kindle relacionados:</b><BR/>Docker cookbook<BR/>Using docker,"Usamos Docker en varios proyectos. En algunos solo para crear containers útiles para testing, en otros hasta producción. <BR/><BR/><b>Algunos puntos de contacto en la empresa:</b><BR/>Esteban Vasquez<BR/>FabrizioSgura<br/><br/><b>Algunos libros de nuestra librería kindle relacionados:</b><BR/>Docker cookbook<BR/>Using docker"
Kafka,Trying,Platform,FALSE,"Estamos usando Kafka en proyectos como HERE, Xtiva y próximamente Seón",Carlos Tovar;Didier Tabares;Hogly Rubio;David Vásquez;Alejandro Calderón;Fabrizio Sgura,https://mercurio.psl.com.co:9443/confluence/display/SDCD/Kafka+-+Desarrollo+de+Competencias,,,Carlos Tovar<BR/>Didier Tabares<BR/>Hogly Rubio<BR/>David Vásquez<BR/>Alejandro Calderón<BR/>Fabrizio Sgura,<BR/><BR/><b>Algunos puntos de contacto en la empresa:</b><BR/>Carlos Tovar<BR/>Didier Tabares<BR/>Hogly Rubio<BR/>David Vásquez<BR/>Alejandro Calderón<BR/>Fabrizio Sgura,<BR/><BR/>Para desarrollar esta competencia presiona <a href='https://mercurio.psl.com.co:9443/confluence/display/SDCD/Kafka+-+Desarrollo+de+Competencias' target='_top'>aquí</a>,,"Estamos usando Kafka en proyectos como HERE, Xtiva y próximamente Seón<BR/><BR/><b>Algunos puntos de contacto en la empresa:</b><BR/>Carlos Tovar<BR/>Didier Tabares<BR/>Hogly Rubio<BR/>David Vásquez<BR/>Alejandro Calderón<BR/>Fabrizio Sgura<BR/><BR/>Para desarrollar esta competencia presiona <a href='https://mercurio.psl.com.co:9443/confluence/display/SDCD/Kafka+-+Desarrollo+de+Competencias' target='_top'>aquí</a>"
Akka,Trying,Platform,FALSE,Usamos Akka y módulos como reactive Kafka en Xtiva.,Didier Tabares;Andrés de León,,,,Didier Tabares<BR/>Andrés de León,<BR/><BR/><b>Algunos puntos de contacto en la empresa:</b><BR/>Didier Tabares<BR/>Andrés de León,,,Usamos Akka y módulos como reactive Kafka en Xtiva.<BR/><BR/><b>Algunos puntos de contacto en la empresa:</b><BR/>Didier Tabares<BR/>Andrés de León
Akka .NET,Trying,Platform,TRUE,En SEON usamos Akka .NET corriendo sobre Linux,,,,,,,,,En SEON usamos Akka .NET corriendo sobre Linux
CloudFormation,Trying,Platform,FALSE,Usamos Cloud Formation para orquestar despliegues en AWS para varios proyectos.,David Vásquez;Alejandro Calderón,,,,David Vásquez<BR/>Alejandro Calderón,<BR/><BR/><b>Algunos puntos de contacto en la empresa:</b><BR/>David Vásquez<BR/>Alejandro Calderón,,,Usamos Cloud Formation para orquestar despliegues en AWS para varios proyectos.<BR/><BR/><b>Algunos puntos de contacto en la empresa:</b><BR/>David Vásquez<BR/>Alejandro Calderón
Electron JS,Trying,Platform,FALSE,Usamos ElectronJS como una manera de crear aplicaciones de escritorio usando HTML5.,,,,,,,,,Usamos ElectronJS como una manera de crear aplicaciones de escritorio usando HTML5.
Phonegap/Cordova,Trying,Platform,FALSE,Hemos usado Cordova como una plataforma híbrida de desarrollo de aplicaciones móviles,David Camilo Torres,,,,David Camilo Torres,<BR/><BR/><b>Algunos puntos de contacto en la empresa:</b><BR/>David Camilo Torres,,,Hemos usado Cordova como una plataforma híbrida de desarrollo de aplicaciones móviles<BR/><BR/><b>Algunos puntos de contacto en la empresa:</b><BR/>David Camilo Torres
Appcelerator,Trying,Platform,FALSE,Hemos usado Appcelerator como una plataforma híbrida de desarrollo de aplicaciones móviles,Victor Cataño;Jonathan Hernandez,,,,Victor Cataño<BR/>Jonathan Hernandez,<BR/><BR/><b>Algunos puntos de contacto en la empresa:</b><BR/>Victor Cataño<BR/>Jonathan Hernandez,,,Hemos usado Appcelerator como una plataforma híbrida de desarrollo de aplicaciones móviles<BR/><BR/><b>Algunos puntos de contacto en la empresa:</b><BR/>Victor Cataño<BR/>Jonathan Hernandez
Ionic,Trying,Platform,FALSE,Hemos usado Ionic para implementar aplicaciones móviles simples,Frederic Peña;Santiago Garces,,,,Frederic Peña<BR/>Santiago Garces,<BR/><BR/><b>Algunos puntos de contacto en la empresa:</b><BR/>Frederic Peña<BR/>Santiago Garces,,,Hemos usado Ionic para implementar aplicaciones móviles simples<BR/><BR/><b>Algunos puntos de contacto en la empresa:</b><BR/>Frederic Peña<BR/>Santiago Garces
.Net Core,Trying,Platform,FALSE,Estamos usando .Net core 1.0 para algunos proyectos,John Alzate,,,,John Alzate,<BR/><BR/><b>Algunos puntos de contacto en la empresa:</b><BR/>John Alzate,,,Estamos usando .Net core 1.0 para algunos proyectos<BR/><BR/><b>Algunos puntos de contacto en la empresa:</b><BR/>John Alzate
Consul,Trying,Platform,FALSE,Consul lo hemos usado como herramienta de Service Discovery,David Vásquez,,,,David Vásquez,<BR/><BR/><b>Algunos puntos de contacto en la empresa:</b><BR/>David Vásquez,,,Consul lo hemos usado como herramienta de Service Discovery<BR/><BR/><b>Algunos puntos de contacto en la empresa:</b><BR/>David Vásquez
"HAProxy, Nginx",Trying,Platform,FALSE,Herramientas de Reverse Proxy como HAProxy o Nginx son usadas en varios proyectos para soportar/optimizar despliegues de aplicaciones web o incluso como Service Discovery (Xtiva),David Vásquez;Fabrizio Sgura;Alejandro Calderón,,,,,,,,Herramientas de Reverse Proxy como HAProxy o Nginx son usadas en varios proyectos para soportar/optimizar despliegues de aplicaciones web o incluso como Service Discovery (Xtiva)
"Discovery Servers (Consul, HAProxy)",Trying,Platform,FALSE,Estamos usando o implementando varios discovery servers para proyectos con microservicios.,David Vásquez,,,,David Vásquez,<BR/><BR/><b>Algunos puntos de contacto en la empresa:</b><BR/>David Vásquez,,,Estamos usando o implementando varios discovery servers para proyectos con microservicios.<BR/><BR/><b>Algunos puntos de contacto en la empresa:</b><BR/>David Vásquez
GoCD,Trying,Platform,TRUE,"En HERE estamos implementando GoCD y evaluándolo vs Jenkins2 pipelines. GoCD es una herramienta enfocada en Continuous Delivery, que permite observar de una manera muy intuitiva los flujos de tu pipeline y los release candidatos para producción.",Eric Berchem;Alejandro Vallecilla;Hernán López,,,,Eric Berchem<BR/>Alejandro Vallecilla<BR/>Hernán López,<BR/><BR/><b>Algunos puntos de contacto en la empresa:</b><BR/>Eric Berchem<BR/>Alejandro Vallecilla<BR/>Hernán López,,,"En HERE estamos implementando GoCD y evaluándolo vs Jenkins2 pipelines. GoCD es una herramienta enfocada en Continuous Delivery, que permite observar de una manera muy intuitiva los flujos de tu pipeline y los release candidatos para producción.<BR/><BR/><b>Algunos puntos de contacto en la empresa:</b><BR/>Eric Berchem<BR/>Alejandro Vallecilla<BR/>Hernán López"
Android,Trying,Platform,FALSE,Hemos implementado aplicaciones nativas Android para muchos clientes,,,,,,,,,Hemos implementado aplicaciones nativas Android para muchos clientes
Apache Spark,Trying,Platform,TRUE,"Estamos utilizando Spark en diferentes proyectos: En Xtiva se usa superficialmente, en HERE se usa en varios temas, tanto para Batching como para Streaming.",Yosel del Valle,,,,Yosel del Valle,<BR/><BR/><b>Algunos puntos de contacto en la empresa:</b><BR/>Yosel del Valle,,,"Estamos utilizando Spark en diferentes proyectos: En Xtiva se usa superficialmente, en HERE se usa en varios temas, tanto para Batching como para Streaming.<BR/><BR/><b>Algunos puntos de contacto en la empresa:</b><BR/>Yosel del Valle"
Apache Flink,Trying,Platform,TRUE,"En HERE tenemos un proyecto que involucra procesar 1 billón de registros por segundo. Para el procesamiento, estamos implementando una prueba de concepto con Apache Flink.",Esteban Hernandez,,Introduction to Apache Flink: Stream Processing for Real Time and Beyond,,Esteban Hernandez,<BR/><BR/><b>Algunos puntos de contacto en la empresa:</b><BR/>Esteban Hernandez,,,"En HERE tenemos un proyecto que involucra procesar 1 billón de registros por segundo. Para el procesamiento, estamos implementando una prueba de concepto con Apache Flink.<BR/><BR/><b>Algunos puntos de contacto en la empresa:</b><BR/>Esteban Hernandez"
Xamarin,Exploring,Platform,FALSE,Estamos interesados en implementar aplicaciones móviles con Xamarin,,,,,,,,,Estamos interesados en implementar aplicaciones móviles con Xamarin
Auth0,Exploring,Platform,FALSE,Estaremos implementando Auth0 próximamente en Xtiva. Es una tecnología con la que estamos atentos para otros proyectos e iniciativas.,,,,,,,,,Estaremos implementando Auth0 próximamente en Xtiva. Es una tecnología con la que estamos atentos para otros proyectos e iniciativas.
AWS Lambda,Exploring,Platform,FALSE,Lambda está siendo usado en Xtiva y se está explorando para varios proyectos más.,,,,,,,,,Lambda está siendo usado en Xtiva y se está explorando para varios proyectos más.
IBM Watson,Exploring,Platform,FALSE,Estamos explorando IBM Watson y en particular BlueMix para varios esfuerzos internos.,,,,,,,,,Estamos explorando IBM Watson y en particular BlueMix para varios esfuerzos internos.
Maven / Gradle,Adopted,Tools and Libraries,FALSE,"Todos nuestros proectos Java corren con Maven o Gradle para manejar dependencias, coordinar el ciclo de vida de los builds, y ejecutar tests.",Andres de Leon;Eric Berchem,,,,Andres de Leon<BR/>Eric Berchem,<BR/><BR/><b>Algunos puntos de contacto en la empresa:</b><BR/>Andres de Leon<BR/>Eric Berchem,,,"Todos nuestros proectos Java corren con Maven o Gradle para manejar dependencias, coordinar el ciclo de vida de los builds, y ejecutar tests.<BR/><BR/><b>Algunos puntos de contacto en la empresa:</b><BR/>Andres de Leon<BR/>Eric Berchem"
Mocking Tools,Adopted,Tools and Libraries,FALSE,"Usamos Frameworks de mocking como Mockito, EasyMock, RhinoMocks entre muchos otros para nuestras pruebas automáticas",Didier Tabares,,,,Didier Tabares,<BR/><BR/><b>Algunos puntos de contacto en la empresa:</b><BR/>Didier Tabares,,,"Usamos Frameworks de mocking como Mockito, EasyMock, RhinoMocks entre muchos otros para nuestras pruebas automáticas<BR/><BR/><b>Algunos puntos de contacto en la empresa:</b><BR/>Didier Tabares"
JUnit / TestNG,Adopted,Tools and Libraries,FALSE,Para aplicaciones Java usamos JUnit o TestNG como test runner.,Hernan Diaz,https://mercurio.psl.com.co:9443/confluence/display/SDCD/Unit+Testing+-+TDD+-+Desarrollo+de+competencias,,,Hernan Diaz,<BR/><BR/><b>Algunos puntos de contacto en la empresa:</b><BR/>Hernan Diaz,<BR/><BR/>Para desarrollar esta competencia presiona <a href='https://mercurio.psl.com.co:9443/confluence/display/SDCD/Unit+Testing+-+TDD+-+Desarrollo+de+competencias' target='_top'>aquí</a>,,Para aplicaciones Java usamos JUnit o TestNG como test runner.<BR/><BR/><b>Algunos puntos de contacto en la empresa:</b><BR/>Hernan Diaz<BR/><BR/>Para desarrollar esta competencia presiona <a href='https://mercurio.psl.com.co:9443/confluence/display/SDCD/Unit+Testing+-+TDD+-+Desarrollo+de+competencias' target='_top'>aquí</a>
nUnit,Adopted,Tools and Libraries,FALSE,En nuestros proyectos en plataformas .Net implementamos pruebas automáticas comúnmente en herramientas como nUnit,Raul Zuluaga,https://mercurio.psl.com.co:9443/confluence/display/SDCD/Unit+Testing+-+TDD+-+Desarrollo+de+competencias,,,Raul Zuluaga,<BR/><BR/><b>Algunos puntos de contacto en la empresa:</b><BR/>Raul Zuluaga,<BR/><BR/>Para desarrollar esta competencia presiona <a href='https://mercurio.psl.com.co:9443/confluence/display/SDCD/Unit+Testing+-+TDD+-+Desarrollo+de+competencias' target='_top'>aquí</a>,,En nuestros proyectos en plataformas .Net implementamos pruebas automáticas comúnmente en herramientas como nUnit<BR/><BR/><b>Algunos puntos de contacto en la empresa:</b><BR/>Raul Zuluaga<BR/><BR/>Para desarrollar esta competencia presiona <a href='https://mercurio.psl.com.co:9443/confluence/display/SDCD/Unit+Testing+-+TDD+-+Desarrollo+de+competencias' target='_top'>aquí</a>
Karma,Adopted,Tools and Libraries,FALSE,Karma es el test runner por defecto que tenemos en Javascript,Alvaro Castellados;Yeliyza Coromoto,https://mercurio.psl.com.co:9443/confluence/display/SDCD/Unit+Testing+-+TDD+-+Desarrollo+de+competencias,,,Alvaro Castellados<BR/>Yeliyza Coromoto,<BR/><BR/><b>Algunos puntos de contacto en la empresa:</b><BR/>Alvaro Castellados<BR/>Yeliyza Coromoto,<BR/><BR/>Para desarrollar esta competencia presiona <a href='https://mercurio.psl.com.co:9443/confluence/display/SDCD/Unit+Testing+-+TDD+-+Desarrollo+de+competencias' target='_top'>aquí</a>,,Karma es el test runner por defecto que tenemos en Javascript<BR/><BR/><b>Algunos puntos de contacto en la empresa:</b><BR/>Alvaro Castellados<BR/>Yeliyza Coromoto<BR/><BR/>Para desarrollar esta competencia presiona <a href='https://mercurio.psl.com.co:9443/confluence/display/SDCD/Unit+Testing+-+TDD+-+Desarrollo+de+competencias' target='_top'>aquí</a>
Fitnesse,Adopted,Tools and Libraries,FALSE,Fitnesse lo usamos en varias aplicaciones para abstraer la complejidad de entender los datos de los tests. Un muy buen caso de implementación es Loggro,Jose Valle;Juan Esteban Lopez,https://mercurio.psl.com.co:9443/confluence/display/SDCD/Fitnesse+-+Desarrollo+de+competencias,,,Jose Valle<BR/>Juan Esteban Lopez,<BR/><BR/><b>Algunos puntos de contacto en la empresa:</b><BR/>Jose Valle<BR/>Juan Esteban Lopez,<BR/><BR/>Para desarrollar esta competencia presiona <a href='https://mercurio.psl.com.co:9443/confluence/display/SDCD/Fitnesse+-+Desarrollo+de+competencias' target='_top'>aquí</a>,,Fitnesse lo usamos en varias aplicaciones para abstraer la complejidad de entender los datos de los tests. Un muy buen caso de implementación es Loggro<BR/><BR/><b>Algunos puntos de contacto en la empresa:</b><BR/>Jose Valle<BR/>Juan Esteban Lopez<BR/><BR/>Para desarrollar esta competencia presiona <a href='https://mercurio.psl.com.co:9443/confluence/display/SDCD/Fitnesse+-+Desarrollo+de+competencias' target='_top'>aquí</a>
Postman,Adopted,Tools and Libraries,FALSE,Utilizamos Postman para API testing en varios proyectos de la empresa.,Juan Pablo Casas;Juan Esteban Torres,,,,Juan Pablo Casas<BR/>Juan Esteban Torres,<BR/><BR/><b>Algunos puntos de contacto en la empresa:</b><BR/>Juan Pablo Casas<BR/>Juan Esteban Torres,,,Utilizamos Postman para API testing en varios proyectos de la empresa.<BR/><BR/><b>Algunos puntos de contacto en la empresa:</b><BR/>Juan Pablo Casas<BR/>Juan Esteban Torres
Protractor,Adopted,Tools and Libraries,FALSE,Utilizamos Protractor como un framework de pruebas de UI especialmente para aplicaciones desarrolladas con AngularJS,Dilson Alzate;Alejandro Perdomo,https://mercurio.psl.com.co:9443/confluence/display/SDCD/Protractor+-+Desarrollo+de+competencias,,,Dilson Alzate<BR/>Alejandro Perdomo,<BR/><BR/><b>Algunos puntos de contacto en la empresa:</b><BR/>Dilson Alzate<BR/>Alejandro Perdomo,<BR/><BR/>Para desarrollar esta competencia presiona <a href='https://mercurio.psl.com.co:9443/confluence/display/SDCD/Protractor+-+Desarrollo+de+competencias' target='_top'>aquí</a>,,Utilizamos Protractor como un framework de pruebas de UI especialmente para aplicaciones desarrolladas con AngularJS<BR/><BR/><b>Algunos puntos de contacto en la empresa:</b><BR/>Dilson Alzate<BR/>Alejandro Perdomo<BR/><BR/>Para desarrollar esta competencia presiona <a href='https://mercurio.psl.com.co:9443/confluence/display/SDCD/Protractor+-+Desarrollo+de+competencias' target='_top'>aquí</a>
Selenium,Adopted,Tools and Libraries,FALSE,Tenemos muchos proyectos implementados con Selenium. Combinado con varios patrones de diseño hemos implementado pruebas de UI con Selenium en proyectos muy grandes.,Daniel Martinez;Daniela Mancilla;Dilson Alzate,https://mercurio.psl.com.co:9443/confluence/display/SDCD/Selenium+-+Desarrollo+de+competencias,,,Daniel Martinez<BR/>Daniela Mancilla<BR/>Dilson Alzate,<BR/><BR/><b>Algunos puntos de contacto en la empresa:</b><BR/>Daniel Martinez<BR/>Daniela Mancilla<BR/>Dilson Alzate,<BR/><BR/>Para desarrollar esta competencia presiona <a href='https://mercurio.psl.com.co:9443/confluence/display/SDCD/Selenium+-+Desarrollo+de+competencias' target='_top'>aquí</a>,,Tenemos muchos proyectos implementados con Selenium. Combinado con varios patrones de diseño hemos implementado pruebas de UI con Selenium en proyectos muy grandes.<BR/><BR/><b>Algunos puntos de contacto en la empresa:</b><BR/>Daniel Martinez<BR/>Daniela Mancilla<BR/>Dilson Alzate<BR/><BR/>Para desarrollar esta competencia presiona <a href='https://mercurio.psl.com.co:9443/confluence/display/SDCD/Selenium+-+Desarrollo+de+competencias' target='_top'>aquí</a>
Sahi,Adopted,Tools and Libraries,FALSE,Sahi es una alternativa a Selenium usada en varios proyectos.,David Vásquez;Juan Esteban Lopez,,,,David Vásquez<BR/>Juan Esteban Lopez,<BR/><BR/><b>Algunos puntos de contacto en la empresa:</b><BR/>David Vásquez<BR/>Juan Esteban Lopez,,,Sahi es una alternativa a Selenium usada en varios proyectos.<BR/><BR/><b>Algunos puntos de contacto en la empresa:</b><BR/>David Vásquez<BR/>Juan Esteban Lopez
Cucumber,Adopted,Tools and Libraries,FALSE,Cucumber  se usa en proyectos que implementan BDD. Permite ejecutar especificaciones en lenguaje Gherkin. Cadreon es un buen ejemplo de implementación.,Tatiana Tamayo;Yelitza Coromoto,https://mercurio.psl.com.co:9443/confluence/display/SDCD/Service+Testing+-+Desarrollo+de+competencias,,,Tatiana Tamayo<BR/>Yelitza Coromoto,<BR/><BR/><b>Algunos puntos de contacto en la empresa:</b><BR/>Tatiana Tamayo<BR/>Yelitza Coromoto,<BR/><BR/>Para desarrollar esta competencia presiona <a href='https://mercurio.psl.com.co:9443/confluence/display/SDCD/Service+Testing+-+Desarrollo+de+competencias' target='_top'>aquí</a>,,Cucumber  se usa en proyectos que implementan BDD. Permite ejecutar especificaciones en lenguaje Gherkin. Cadreon es un buen ejemplo de implementación.<BR/><BR/><b>Algunos puntos de contacto en la empresa:</b><BR/>Tatiana Tamayo<BR/>Yelitza Coromoto<BR/><BR/>Para desarrollar esta competencia presiona <a href='https://mercurio.psl.com.co:9443/confluence/display/SDCD/Service+Testing+-+Desarrollo+de+competencias' target='_top'>aquí</a>
Liquibase,Adopted,Tools and Libraries,FALSE,Usamos Liquibase en varios proyectos para sincronizar automáticamente el estado de nuestras bases de datos.,Julian Duque,,,,Julian Duque,<BR/><BR/><b>Algunos puntos de contacto en la empresa:</b><BR/>Julian Duque,,,Usamos Liquibase en varios proyectos para sincronizar automáticamente el estado de nuestras bases de datos.<BR/><BR/><b>Algunos puntos de contacto en la empresa:</b><BR/>Julian Duque
DBUnit,Adopted,Tools and Libraries,FALSE,Usamos DBUnit en varios proyectos para correr test automáticos de base de datos (o de interacción con base de datos),,,,,,,,,Usamos DBUnit en varios proyectos para correr test automáticos de base de datos (o de interacción con base de datos)
JSHint,Adopted,Tools and Libraries,FALSE,JSHint nos permite encontrar y corregir malas prácticas de codificación en Javascript (e integrarlo con CI/CD),Santiago Garcés,,,,Santiago Garcés,<BR/><BR/><b>Algunos puntos de contacto en la empresa:</b><BR/>Santiago Garcés,,,JSHint nos permite encontrar y corregir malas prácticas de codificación en Javascript (e integrarlo con CI/CD)<BR/><BR/><b>Algunos puntos de contacto en la empresa:</b><BR/>Santiago Garcés
FindBugs,Adopted,Tools and Libraries,FALSE,FindBugs lo usamos para detectar y corregir malas prácticas de desarrollo y potenciales problemas funcionales o de performance/seguridad,,,,,,,,,FindBugs lo usamos para detectar y corregir malas prácticas de desarrollo y potenciales problemas funcionales o de performance/seguridad
ReSharper,Adopted,Tools and Libraries,FALSE,ReSharper nos permite aprender y mejorar como desarrolladores - es muy usado en desarrollos .Net,John Alzate;Raúl zuluaga,,,,John Alzate<BR/>Raúl zuluaga,<BR/><BR/><b>Algunos puntos de contacto en la empresa:</b><BR/>John Alzate<BR/>Raúl zuluaga,,,ReSharper nos permite aprender y mejorar como desarrolladores - es muy usado en desarrollos .Net<BR/><BR/><b>Algunos puntos de contacto en la empresa:</b><BR/>John Alzate<BR/>Raúl zuluaga
"Front End Task Runners (Grunt, Gulp,...)",Adopted,Tools and Libraries,FALSE,Usamos comunmente varios task runners para frontend. Algunos ejemplos son Grunt y Gulp,Victor Cataño,,,,Victor Cataño,<BR/><BR/><b>Algunos puntos de contacto en la empresa:</b><BR/>Victor Cataño,,,Usamos comunmente varios task runners para frontend. Algunos ejemplos son Grunt y Gulp<BR/><BR/><b>Algunos puntos de contacto en la empresa:</b><BR/>Victor Cataño
Bootstrap,Adopted,Tools and Libraries,FALSE,Usamos Boostrap en muchos proyectos como una forma de crear aplicaciones responsive para aplicaciones web y móvil.,Daniel Ricaurte;Ricardo Osorio;Yosel del Valle;,https://mercurio.psl.com.co:9443/confluence/display/SDCD/Bootstrap+-+Desarrollo+de+competencias,,,Daniel Ricaurte<BR/>Ricardo Osorio<BR/>Yosel del Valle<BR/>,<BR/><BR/><b>Algunos puntos de contacto en la empresa:</b><BR/>Daniel Ricaurte<BR/>Ricardo Osorio<BR/>Yosel del Valle<BR/>,<BR/><BR/>Para desarrollar esta competencia presiona <a href='https://mercurio.psl.com.co:9443/confluence/display/SDCD/Bootstrap+-+Desarrollo+de+competencias' target='_top'>aquí</a>,,Usamos Boostrap en muchos proyectos como una forma de crear aplicaciones responsive para aplicaciones web y móvil.<BR/><BR/><b>Algunos puntos de contacto en la empresa:</b><BR/>Daniel Ricaurte<BR/>Ricardo Osorio<BR/>Yosel del Valle<BR/><BR/><BR/>Para desarrollar esta competencia presiona <a href='https://mercurio.psl.com.co:9443/confluence/display/SDCD/Bootstrap+-+Desarrollo+de+competencias' target='_top'>aquí</a>
Jasmine,Adopted,Tools and Libraries,FALSE,Hemos usado Jasmine para implementar BDD en proyectos Javascript,Daniel Martinez;Sergio Velasquez;Melissa Espinal,https://mercurio.psl.com.co:9443/confluence/display/SDCD/Unit+Testing+-+TDD+-+Desarrollo+de+competencias,,,Daniel Martinez<BR/>Sergio Velasquez<BR/>Melissa Espinal,<BR/><BR/><b>Algunos puntos de contacto en la empresa:</b><BR/>Daniel Martinez<BR/>Sergio Velasquez<BR/>Melissa Espinal,<BR/><BR/>Para desarrollar esta competencia presiona <a href='https://mercurio.psl.com.co:9443/confluence/display/SDCD/Unit+Testing+-+TDD+-+Desarrollo+de+competencias' target='_top'>aquí</a>,,Hemos usado Jasmine para implementar BDD en proyectos Javascript<BR/><BR/><b>Algunos puntos de contacto en la empresa:</b><BR/>Daniel Martinez<BR/>Sergio Velasquez<BR/>Melissa Espinal<BR/><BR/>Para desarrollar esta competencia presiona <a href='https://mercurio.psl.com.co:9443/confluence/display/SDCD/Unit+Testing+-+TDD+-+Desarrollo+de+competencias' target='_top'>aquí</a>
Gatling,Trying,Tools and Libraries,FALSE,Usamos Gatling en tres proyectos para crear tests automáticos de performanc.e,Andres Restrepo;Luis Eduardo Blandon;,https://mercurio.psl.com.co:9443/confluence/display/SDCD/Gatling+y+pruebas+de+rendimiento+-+Desarrollo+de+Competencias,,,Andres Restrepo<BR/>Luis Eduardo Blandon<BR/>,<BR/><BR/><b>Algunos puntos de contacto en la empresa:</b><BR/>Andres Restrepo<BR/>Luis Eduardo Blandon<BR/>,<BR/><BR/>Para desarrollar esta competencia presiona <a href='https://mercurio.psl.com.co:9443/confluence/display/SDCD/Gatling+y+pruebas+de+rendimiento+-+Desarrollo+de+Competencias' target='_top'>aquí</a>,,Usamos Gatling en tres proyectos para crear tests automáticos de performanc.e<BR/><BR/><b>Algunos puntos de contacto en la empresa:</b><BR/>Andres Restrepo<BR/>Luis Eduardo Blandon<BR/><BR/><BR/>Para desarrollar esta competencia presiona <a href='https://mercurio.psl.com.co:9443/confluence/display/SDCD/Gatling+y+pruebas+de+rendimiento+-+Desarrollo+de+Competencias' target='_top'>aquí</a>
Acunetix,Trying,Tools and Libraries,FALSE,Usamos Acunetix para encontrar vulnerabilidades de seguridad en varios proyectos de la empresa,Felipe Acosta;Fabrizio Sgura;,,,,Felipe Acosta<BR/>Fabrizio Sgura<BR/>,<BR/><BR/><b>Algunos puntos de contacto en la empresa:</b><BR/>Felipe Acosta<BR/>Fabrizio Sgura<BR/>,,,Usamos Acunetix para encontrar vulnerabilidades de seguridad en varios proyectos de la empresa<BR/><BR/><b>Algunos puntos de contacto en la empresa:</b><BR/>Felipe Acosta<BR/>Fabrizio Sgura<BR/>
Web API,Trying,Tools and Libraries,FALSE,Usamos Web API para algunos proyectos .Net como una forma de implementar fácilmente Restful APIs,https://mercurio.psl.com.co:9443/confluence/display/SDCD/WebApi+-+Desarrollo+de+Competencias,,,,https://mercurio.psl.com.co:9443/confluence/display/SDCD/WebApi+-+Desarrollo+de+Competencias,<BR/><BR/><b>Algunos puntos de contacto en la empresa:</b><BR/>https://mercurio.psl.com.co:9443/confluence/display/SDCD/WebApi+-+Desarrollo+de+Competencias,,,Usamos Web API para algunos proyectos .Net como una forma de implementar fácilmente Restful APIs<BR/><BR/><b>Algunos puntos de contacto en la empresa:</b><BR/>https://mercurio.psl.com.co:9443/confluence/display/SDCD/WebApi+-+Desarrollo+de+Competencias
WebPack,Trying,Tools and Libraries,FALSE,Webpack lo usamos como un module bundler para algunos proyectos FrontEnd.,https://mercurio.psl.com.co:9443/confluence/display/SDCD/WebPack+-+Desarrollo+de+Competencias,,,,https://mercurio.psl.com.co:9443/confluence/display/SDCD/WebPack+-+Desarrollo+de+Competencias,<BR/><BR/><b>Algunos puntos de contacto en la empresa:</b><BR/>https://mercurio.psl.com.co:9443/confluence/display/SDCD/WebPack+-+Desarrollo+de+Competencias,,,Webpack lo usamos como un module bundler para algunos proyectos FrontEnd.<BR/><BR/><b>Algunos puntos de contacto en la empresa:</b><BR/>https://mercurio.psl.com.co:9443/confluence/display/SDCD/WebPack+-+Desarrollo+de+Competencias
Angular Material,Trying,Tools and Libraries,FALSE,Usamos Angular Material como un UI Kit para algunos proyectos de la empresa,https://mercurio.psl.com.co:9443/confluence/display/SDCD/Angular+Material+-+Desarrollo+de+Competencias,,,,https://mercurio.psl.com.co:9443/confluence/display/SDCD/Angular+Material+-+Desarrollo+de+Competencias,<BR/><BR/><b>Algunos puntos de contacto en la empresa:</b><BR/>https://mercurio.psl.com.co:9443/confluence/display/SDCD/Angular+Material+-+Desarrollo+de+Competencias,,,Usamos Angular Material como un UI Kit para algunos proyectos de la empresa<BR/><BR/><b>Algunos puntos de contacto en la empresa:</b><BR/>https://mercurio.psl.com.co:9443/confluence/display/SDCD/Angular+Material+-+Desarrollo+de+Competencias
Mocha+Chai,Trying,Tools and Libraries,FALSE,"Usamos Mocha como un test framework alternativo para algunos proyectos, mezclándolo con Chai para assertions.",Victor Cataño,,,,Victor Cataño,<BR/><BR/><b>Algunos puntos de contacto en la empresa:</b><BR/>Victor Cataño,,,"Usamos Mocha como un test framework alternativo para algunos proyectos, mezclándolo con Chai para assertions.<BR/><BR/><b>Algunos puntos de contacto en la empresa:</b><BR/>Victor Cataño"
Babel,Trying,Tools and Libraries,FALSE,Babel lo estamos usando para compilar Javascript en un par de proyectos,,,,,,,,,Babel lo estamos usando para compilar Javascript en un par de proyectos
Flyway DB,Trying,Tools and Libraries,TRUE,"En algunos proyectos utilizamos Flyway como una alternativa a Liquibase para versionar y mantener control al estado de tu base de datos, y realizar migraciones automáticamente e integrado al servidor de CI/CD",Francisco Gaviria,,,,Francisco Gaviria,<BR/><BR/><b>Algunos puntos de contacto en la empresa:</b><BR/>Francisco Gaviria,,,"En algunos proyectos utilizamos Flyway como una alternativa a Liquibase para versionar y mantener control al estado de tu base de datos, y realizar migraciones automáticamente e integrado al servidor de CI/CD<BR/><BR/><b>Algunos puntos de contacto en la empresa:</b><BR/>Francisco Gaviria"
D3js,Trying,Tools and Libraries,FALSE,En varios proyectos usamos D3JS para realizar visualizaciones avanzadas sobre Javascript. HERE es un ejemplo,John de la pava,,,,John de la pava,<BR/><BR/><b>Algunos puntos de contacto en la empresa:</b><BR/>John de la pava,,,En varios proyectos usamos D3JS para realizar visualizaciones avanzadas sobre Javascript. HERE es un ejemplo<BR/><BR/><b>Algunos puntos de contacto en la empresa:</b><BR/>John de la pava
SpecFlow,Exploring,Tools and Libraries,FALSE,Estamos explorando SpecFlow para implementar BDD en proyectos .Net,,,,,,,,,Estamos explorando SpecFlow para implementar BDD en proyectos .Net
Apache Drill,Exploring,Tools and Libraries,TRUE,Estamos realizando una prueba de concepto con Apache Drill en HERE para ejecutar queries en HDFS (usando una sintaxis similar a SQL),Esteban Hernandez,,,,Esteban Hernandez,<BR/><BR/><b>Algunos puntos de contacto en la empresa:</b><BR/>Esteban Hernandez,,,Estamos realizando una prueba de concepto con Apache Drill en HERE para ejecutar queries en HDFS (usando una sintaxis similar a SQL)<BR/><BR/><b>Algunos puntos de contacto en la empresa:</b><BR/>Esteban Hernandez
HTML5 / JavaScript,Adopted,Languages & Frameworks,FALSE,HTML5 ha sido adoptado en casi todos los proyectos de la compañía. ,Luis David Carreño;David Franco,https://mercurio.psl.com.co:9443/confluence/pages/viewpage.action?pageId=81265099,,,,,<BR/><BR/>Para desarrollar esta competencia presiona <a href='https://mercurio.psl.com.co:9443/confluence/pages/viewpage.action?pageId=81265099' target='_top'>aquí</a>,,HTML5 ha sido adoptado en casi todos los proyectos de la compañía. <BR/><BR/>Para desarrollar esta competencia presiona <a href='https://mercurio.psl.com.co:9443/confluence/pages/viewpage.action?pageId=81265099' target='_top'>aquí</a>